0,0,0,0,0,0,0,0,0,0,0,0,0,0,0,0,0,0,0,0,0,0,0,0,0,0,0,0,0,0,0,0,0,0,0,0,0,0,0,0,0,0,0,0,0,0,0,0,0,0,0,0,0,0,0,0,0,0,0,0,0,0,0,0,0,0,0,0,0,0,0,0,0,0,0,0,0,0,0,0,0,0,0,0,0,0,0,0,0,0,0,0,0,0,0,0,0,0,0,0,0,0,0,0,0,0,0,0,0,0,0,0,0,0,0,0,0,0,0,0,0,0,0,0,0,0,0,0,0,0,0,0,0,0,0,0,0,0,0,0,0,0,0,0,0,0,0,0,0,0,0,0,0,0,0,0,0,0,0,0,0,0,0,0,0,0,0,0,0,0,0,0,0,0,0,0,0,0,37,253,255,253,232,191,192,78,0,0,0,0,0,0,0,0,0,0,0,0,0,0,0,0,0,0,0,63,88,221,253,252,252,252,253,242,103,0,0,0,0,0,0,0,0,0,0,0,0,0,0,0,0,0,16,222,215,144,253,252,252,252,253,252,241,181,21,0,0,0,0,0,0,0,0,0,0,0,0,0,0,84,191,252,215,144,253,210,190,190,170,210,211,252,207,20,0,0,0,0,0,0,0,0,0,0,0,0,0,144,252,252,215,0,0,0,0,0,62,103,37,252,206,20,0,0,0,0,0,0,0,0,0,0,0,0,11,175,252,189,30,0,0,0,0,0,0,0,5,119,20,0,0,0,0,0,0,0,0,0,0,0,0,0,37,252,252,76,0,0,0,0,0,0,0,0,6,120,21,0,0,0,0,0,0,0,0,0,0,0,0,0,37,252,252,119,0,0,0,0,0,0,0,42,160,252,207,20,0,0,0,0,0,0,0,0,0,0,0,0,0,84,253,180,0,0,0,0,0,0,110,233,253,253,255,35,0,0,0,0,0,0,0,0,0,0,0,0,0,125,252,242,196,73,73,115,114,155,253,252,252,252,253,35,0,0,0,0,0,0,0,0,0,0,0,0,0,144,252,252,252,252,253,252,252,252,253,252,252,252,154,10,0,0,0,0,0,0,0,0,0,0,0,0,0,144,252,252,252,252,253,252,252,252,253,252,252,252,0,0,0,0,0,0,0,0,0,0,0,0,0,0,0,0,63,238,253,253,145,104,0,0,192,253,253,253,0,0,0,0,0,0,0,0,0,0,0,0,0,0,0,0,0,30,35,35,0,0,0,0,15,222,252,128,0,0,0,0,0,0,0,0,0,0,0,0,0,0,0,0,0,0,0,0,0,0,0,0,79,231,195,31,0,0,0,0,0,0,0,0,0,0,0,0,0,0,0,0,0,0,0,0,0,0,0,0,191,179,0,0,0,0,0,0,0,0,0,0,0,0,0,0,0,0,0,0,0,0,0,0,0,0,0,0,255,253,72,0,0,0,0,0,0,0,0,0,0,0,0,0,0,0,0,0,0,0,0,0,0,0,0,0,253,252,71,0,0,0,0,0,0,0,0,0,0,0,0,0,0,0,0,0,0,0,0,0,0,0,0,0,253,252,71,0,0,0,0,0,0,0,0,0,0,0,0,0,0,0,0,0,0,0,0,0,0,0,0,0,170,210,31,0,0,0,0,0,0,0,0,0,0,0,0,0,0,0,0,0,0,0,0,0,0,0,0,0,0,0,0,0,0,0,0,0,0,0,0,0,0,0,0,0,0,0,0,0,0,0,0,0,0,0,0,0,0,0,0,0,0,0,0,0,0,0,0,0
0,0,0,0,0,0,0,0,0,0,0,0,0,0,0,0,0,0,0,0,0,0,0,0,0,0,0,0,0,0,0,0,0,0,0,0,0,0,0,0,0,0,0,0,0,0,0,0,0,0,0,0,0,0,0,0,0,0,0,0,0,0,0,0,0,0,0,0,0,0,0,0,0,0,0,0,0,0,0,0,0,0,0,0,0,0,0,0,0,0,0,0,0,0,0,0,0,0,0,0,0,0,0,0,0,0,0,0,0,0,0,0,0,0,0,0,0,0,0,0,0,0,0,0,0,0,0,0,0,0,0,0,0,0,0,0,0,0,0,0,0,0,0,0,0,0,0,0,0,41,166,253,253,255,228,104,4,0,0,0,0,0,0,0,0,0,0,0,0,0,0,0,0,0,0,0,151,253,252,208,96,146,208,252,53,0,0,0,0,0,0,0,0,0,0,0,0,0,0,0,0,0,0,104,246,244,142,13,0,0,38,234,228,38,0,0,0,0,0,0,0,0,0,0,0,0,0,0,0,0,51,246,252,125,0,0,0,0,0,59,240,113,0,0,0,0,0,0,0,0,0,0,0,0,0,0,0,0,170,253,190,0,0,0,0,0,0,0,214,229,10,0,0,0,0,0,0,0,0,0,0,0,0,0,0,0,169,252,65,0,0,0,0,0,0,0,88,253,159,0,0,0,0,0,0,0,0,0,0,0,0,0,0,0,169,252,28,0,0,0,0,0,0,0,0,165,196,0,0,0,0,0,0,0,0,0,0,0,0,0,0,0,169,252,178,0,0,0,0,0,0,0,0,91,246,137,13,0,0,0,0,0,0,0,0,0,0,0,0,0,157,253,253,192,66,29,4,0,0,10,128,254,253,206,13,0,0,0,0,0,0,0,0,0,0,0,0,0,44,240,252,253,252,252,178,169,169,197,252,253,252,168,0,0,0,0,0,0,0,0,0,0,0,0,0,0,0,81,168,253,252,252,252,253,252,252,252,253,252,168,0,0,0,0,0,0,0,0,0,0,0,0,0,0,0,0,0,40,139,228,252,253,227,139,240,253,252,168,0,0,0,0,0,0,0,0,0,0,0,0,0,0,0,0,0,0,0,0,0,0,0,0,51,229,253,253,53,0,0,0,0,0,0,0,0,0,0,0,0,0,0,0,0,0,0,0,0,0,0,0,0,29,252,252,252,0,0,0,0,0,0,0,0,0,0,0,0,0,0,0,0,0,0,0,0,0,0,0,0,29,252,252,252,89,0,0,0,0,0,0,0,0,0,0,0,0,0,0,0,0,0,0,0,0,0,0,0,16,215,252,252,226,88,0,0,0,0,0,0,0,0,0,0,0,0,0,0,0,0,0,0,0,0,0,0,0,169,253,253,254,253,56,0,0,0,0,0,0,0,0,0,0,0,0,0,0,0,0,0,0,0,0,0,0,169,252,252,253,214,19,0,0,0,0,0,0,0,0,0,0,0,0,0,0,0,0,0,0,0,0,0,0,131,252,252,206,81,0,0,0,0,0,0,0,0,0,0,0,0,0,0,0,0,0,0,0,0,0,0,0,32,228,151,13,0,0,0,0,0,0,0,0,0,0,0,0,0,0,0,0,0,0,0,0,0,0,0,0,0,0,0,0,0,0,0,0,0,0,0,0,0,0,0,0,0,0,0,0,0,0,0,0,0,0,0,0,0,0,0,0,0,0,0,0,0,0,0,0,0,0,0,0,0,0,0,0,0,0,0,0,0,0,0,0,0,0,0,0,0,0,0,0,0,0
0,0,0,0,0,0,0,0,0,0,0,0,0,0,0,0,0,0,0,0,0,0,0,0,0,0,0,0,0,0,0,0,0,0,0,0,0,0,0,0,0,0,0,0,0,0,0,0,0,0,0,0,0,0,0,0,0,0,0,0,0,0,0,0,0,0,0,0,0,0,0,0,0,0,0,0,0,0,0,0,0,0,0,0,0,0,0,0,0,0,0,0,0,0,0,0,0,0,0,0,0,0,0,0,0,0,0,0,0,0,0,0,0,0,0,0,0,0,0,0,0,0,0,0,0,0,0,0,0,0,0,0,0,0,0,0,0,0,0,0,0,0,0,0,0,0,0,0,0,0,0,0,0,0,0,0,0,0,0,0,0,0,0,0,0,0,0,0,0,0,0,0,0,0,0,0,0,2,38,122,246,255,255,245,121,8,0,0,0,0,0,0,0,0,0,0,0,0,0,0,0,0,0,0,57,176,253,253,253,253,253,253,253,155,3,0,0,0,0,0,0,0,0,0,0,0,0,0,0,0,0,1,191,253,253,253,253,250,248,253,253,253,105,0,0,0,0,0,0,0,0,0,0,0,0,0,0,0,1,126,253,253,245,210,111,37,0,155,253,253,187,14,0,0,0,0,0,0,0,0,0,0,0,0,0,0,6,253,253,250,139,0,0,0,0,15,226,253,253,116,0,0,0,0,0,0,0,0,0,0,0,0,0,0,6,253,253,141,0,0,0,0,0,0,76,253,253,219,25,0,0,0,0,0,0,0,0,0,0,0,0,0,73,253,238,22,0,0,0,0,0,14,221,253,253,253,150,0,0,0,0,0,0,0,0,0,0,0,0,0,114,253,235,21,0,0,0,0,32,193,253,253,253,253,230,4,0,0,0,0,0,0,0,0,0,0,0,0,61,253,253,126,0,0,2,40,171,253,253,253,253,253,159,1,0,0,0,0,0,0,0,0,0,0,0,0,6,253,253,211,96,55,159,253,253,253,253,253,253,240,73,0,0,0,0,0,0,0,0,0,0,0,0,0,2,133,253,253,253,253,253,253,253,253,214,253,253,188,0,0,0,0,0,0,0,0,0,0,0,0,0,0,0,3,97,174,245,253,252,232,192,22,65,253,253,87,0,0,0,0,0,0,0,0,0,0,0,0,0,0,0,0,0,0,54,86,81,0,0,0,21,222,235,28,0,0,0,0,0,0,0,0,0,0,0,0,0,0,0,0,0,0,0,0,0,0,0,0,23,224,226,0,0,0,0,0,0,0,0,0,0,0,0,0,0,0,0,0,0,0,0,0,0,0,0,0,72,253,123,0,0,0,0,0,0,0,0,0,0,0,0,0,0,0,0,0,0,0,0,0,0,0,0,0,168,253,192,0,0,0,0,0,0,0,0,0,0,0,0,0,0,0,0,0,0,0,0,0,0,0,0,0,168,253,237,33,0,0,0,0,0,0,0,0,0,0,0,0,0,0,0,0,0,0,0,0,0,0,0,0,168,253,253,81,0,0,0,0,0,0,0,0,0,0,0,0,0,0,0,0,0,0,0,0,0,0,0,0,168,253,253,81,0,0,0,0,0,0,0,0,0,0,0,0,0,0,0,0,0,0,0,0,0,0,0,0,97,233,242,46,0,0,0,0,0,0,0,0,0,0,0,0,0,0,0,0,0,0,0,0,0,0,0,0,0,0,0,0,0,0,0,0,0,0,0,0,0,0,0,0,0,0,0,0,0,0,0,0,0,0,0,0,0,0,0,0,0,0,0,0,0,0,0,0
0,0,0,0,0,0,0,0,0,0,0,0,0,0,0,0,0,0,0,0,0,0,0,0,0,0,0,0,0,0,0,0,0,0,0,0,0,0,0,0,0,0,0,0,0,0,0,0,0,0,0,0,0,0,0,0,0,0,0,0,0,0,0,0,0,0,0,0,0,0,0,0,0,0,0,0,0,0,0,0,0,0,0,0,0,0,0,0,0,0,0,0,0,0,0,0,0,0,0,0,0,0,0,0,0,0,0,0,0,0,0,0,0,0,0,0,0,0,0,0,0,0,0,0,0,0,0,0,0,0,0,0,0,0,0,0,0,0,0,0,0,0,0,0,0,0,0,0,0,0,0,0,0,0,0,0,0,0,0,0,0,0,0,0,0,0,0,0,0,0,0,0,0,0,0,0,0,0,0,0,36,125,154,254,255,148,0,0,0,0,0,0,0,0,0,0,0,0,0,0,0,0,0,0,0,0,40,118,223,253,253,253,253,252,164,45,0,0,0,0,0,0,0,0,0,0,0,0,0,0,0,0,0,98,226,253,253,225,142,142,162,253,253,97,0,0,0,0,0,0,0,0,0,0,0,0,0,0,0,0,41,235,253,253,133,14,0,0,4,123,240,57,0,0,0,0,0,0,0,0,0,0,0,0,0,0,0,0,99,253,253,132,5,0,0,0,69,87,22,0,0,0,0,0,0,0,0,0,0,0,0,0,0,0,0,0,99,253,253,92,0,0,0,46,244,248,80,0,0,0,0,0,0,0,0,0,0,0,0,0,0,0,0,0,66,243,253,241,178,86,116,223,253,253,91,0,0,0,0,0,0,0,0,0,0,0,0,0,0,0,0,0,0,181,253,253,253,253,253,253,253,221,16,0,0,0,0,0,0,0,0,0,0,0,0,0,0,0,0,0,0,19,95,181,239,253,253,253,253,110,0,0,0,0,0,0,0,0,0,0,0,0,0,0,0,0,0,0,0,0,0,0,46,109,253,253,218,19,0,0,0,0,0,0,0,0,0,0,0,0,0,0,0,0,0,0,0,0,0,0,0,66,253,253,207,0,0,0,0,0,0,0,0,0,0,0,0,0,0,0,0,0,0,0,0,0,0,0,0,159,253,253,114,0,0,0,0,0,0,0,0,0,0,0,0,0,0,0,0,0,0,0,0,0,0,0,0,196,253,244,64,0,0,0,0,0,0,0,0,0,0,0,0,0,0,0,0,0,0,0,0,0,0,0,38,225,253,201,0,0,0,0,0,0,0,0,0,0,0,0,0,0,0,0,0,0,0,0,0,0,0,0,0,196,253,228,40,0,0,0,0,0,0,0,0,0,0,0,0,0,0,0,0,0,0,0,0,0,0,0,0,196,253,201,0,0,0,0,0,0,0,0,0,0,0,0,0,0,0,0,0,0,0,0,0,0,0,0,0,119,253,232,46,0,0,0,0,0,0,0,0,0,0,0,0,0,0,0,0,0,0,0,0,0,0,0,0,66,253,253,84,0,0,0,0,0,0,0,0,0,0,0,0,0,0,0,0,0,0,0,0,0,0,0,0,64,252,253,207,0,0,0,0,0,0,0,0,0,0,0,0,0,0,0,0,0,0,0,0,0,0,0,0,0,92,217,207,0,0,0,0,0,0,0,0,0,0,0,0,0,0,0,0,0,0,0,0,0,0,0,0,0,0,0,0,0,0,0,0,0,0,0,0,0,0,0,0,0,0,0,0,0,0,0,0,0,0,0,0,0,0,0,0,0,0,0,0,0,0,0,0,0,0,0
0,0,0,0,0,0,0,0,0,0,0,0,0,0,0,0,0,0,0,0,0,0,0,0,0,0,0,0,0,0,0,0,0,0,0,0,0,0,0,0,0,0,0,0,0,0,0,0,0,0,0,0,0,0,0,0,0,0,0,0,0,0,0,0,0,0,0,0,0,0,0,0,0,0,0,0,0,0,0,0,0,0,0,0,0,0,0,0,0,0,0,0,0,0,0,0,0,0,0,0,0,0,0,0,0,0,0,0,0,0,0,0,0,0,0,0,0,0,0,0,0,0,0,0,0,0,0,0,0,0,0,0,0,0,0,0,0,0,0,0,0,0,0,0,0,0,0,0,0,0,0,0,0,0,0,0,0,0,0,0,0,0,0,0,0,0,0,0,0,0,0,0,0,0,0,0,0,0,0,0,141,216,253,253,255,228,94,0,0,0,0,0,0,0,0,0,0,0,0,0,0,0,0,0,0,0,19,157,253,252,252,252,253,252,224,19,0,0,0,0,0,0,0,0,0,0,0,0,0,0,0,0,0,0,123,252,253,252,252,252,253,252,186,6,0,0,0,0,0,0,0,0,0,0,0,0,0,0,0,0,0,101,246,252,253,252,214,139,140,215,118,0,0,0,0,0,0,0,0,0,0,0,0,0,0,0,0,0,0,170,253,253,214,38,0,0,0,0,0,0,0,0,0,0,0,0,0,0,0,0,0,0,0,0,0,0,19,225,252,252,0,0,0,0,0,0,0,0,0,0,0,0,0,0,0,0,0,0,0,0,0,0,0,0,7,130,234,127,76,0,0,0,10,28,0,0,0,0,0,0,0,0,0,0,0,0,0,0,0,0,0,0,0,101,246,228,250,225,225,225,229,234,137,13,0,0,0,0,0,0,0,0,0,0,0,0,0,0,0,0,0,26,150,238,254,234,225,225,254,253,168,0,0,0,0,0,0,0,0,0,0,0,0,0,0,0,0,0,0,0,0,38,84,28,0,0,253,252,224,19,0,0,0,0,0,0,0,0,0,0,0,0,0,0,0,0,0,0,0,0,0,0,0,0,253,252,186,6,0,0,0,0,0,0,0,0,0,0,0,0,0,0,0,0,0,0,0,0,0,0,0,51,253,252,168,0,0,0,0,0,0,0,0,0,0,0,0,0,0,0,0,0,0,0,0,0,0,0,0,126,254,253,156,0,0,0,0,0,0,0,0,0,0,0,0,0,0,0,0,0,0,0,0,0,0,0,19,231,253,252,56,0,0,0,0,0,0,0,0,0,0,0,0,0,0,0,0,0,0,0,0,0,0,0,85,252,253,208,13,0,0,0,0,0,0,0,0,0,0,0,0,0,0,0,0,0,0,0,0,0,0,0,85,252,253,96,0,0,0,0,0,0,0,0,0,0,0,0,0,0,0,0,0,0,0,0,0,0,0,0,198,253,254,84,0,0,0,0,0,0,0,0,0,0,0,0,0,0,0,0,0,0,0,0,0,0,0,38,234,252,253,84,0,0,0,0,0,0,0,0,0,0,0,0,0,0,0,0,0,0,0,0,0,0,0,57,252,252,231,19,0,0,0,0,0,0,0,0,0,0,0,0,0,0,0,0,0,0,0,0,0,0,0,7,153,252,75,0,0,0,0,0,0,0,0,0,0,0,0,0,0,0,0,0,0,0,0,0,0,0,0,0,0,0,0,0,0,0,0,0,0,0,0,0,0,0,0,0,0,0,0,0,0,0,0,0,0,0,0,0,0,0,0,0,0,0,0,0,0,0,0,0,0,0
0,0,0,0,0,0,0,0,0,0,0,0,0,0,0,0,0,0,0,0,0,0,0,0,0,0,0,0,0,0,0,0,0,0,0,0,0,0,0,0,0,0,0,0,0,0,0,0,0,0,0,0,0,0,0,0,0,0,0,0,0,0,0,0,0,0,0,0,0,0,0,0,0,0,0,0,0,0,0,0,0,0,0,0,0,0,0,0,0,0,0,0,0,0,0,0,0,0,0,0,0,0,0,0,0,0,0,0,0,0,0,0,0,0,0,0,0,0,0,0,0,0,0,0,0,0,0,0,0,0,0,0,0,0,0,0,0,0,0,0,0,0,0,0,0,0,0,0,0,0,0,0,0,0,0,0,0,0,0,0,0,0,0,0,0,0,0,0,0,0,0,0,0,0,0,0,0,0,0,0,0,46,82,163,254,111,14,0,0,0,0,0,0,0,0,0,0,0,0,0,0,0,0,0,0,0,10,88,207,244,254,253,253,253,140,0,0,0,0,0,0,0,0,0,0,0,0,0,0,0,0,0,0,49,196,253,253,253,254,253,253,253,223,0,0,0,0,0,0,0,0,0,0,0,0,0,0,0,0,0,53,246,253,253,253,185,57,45,223,253,253,106,0,0,0,0,0,0,0,0,0,0,0,0,0,0,0,0,173,254,253,253,185,14,23,207,253,253,253,157,0,0,0,0,0,0,0,0,0,0,0,0,0,0,0,40,254,255,254,175,10,59,217,254,254,238,112,0,0,0,0,0,0,0,0,0,0,0,0,0,0,0,0,40,253,254,253,241,220,253,254,253,253,253,58,0,0,0,0,0,0,0,0,0,0,0,0,0,0,0,0,40,253,254,253,253,253,253,254,253,253,253,58,0,0,0,0,0,0,0,0,0,0,0,0,0,0,0,0,18,221,254,253,253,253,253,254,253,253,253,58,0,0,0,0,0,0,0,0,0,0,0,0,0,0,0,0,0,195,254,253,253,237,155,140,253,253,253,58,0,0,0,0,0,0,0,0,0,0,0,0,0,0,0,0,0,0,61,142,165,8,0,59,254,254,254,58,0,0,0,0,0,0,0,0,0,0,0,0,0,0,0,0,0,0,0,0,0,0,0,104,253,253,253,58,0,0,0,0,0,0,0,0,0,0,0,0,0,0,0,0,0,0,0,0,0,0,0,156,253,253,240,40,0,0,0,0,0,0,0,0,0,0,0,0,0,0,0,0,0,0,0,0,0,0,0,156,253,253,213,0,0,0,0,0,0,0,0,0,0,0,0,0,0,0,0,0,0,0,0,0,0,0,0,231,253,253,213,0,0,0,0,0,0,0,0,0,0,0,0,0,0,0,0,0,0,0,0,0,0,0,0,255,254,254,214,0,0,0,0,0,0,0,0,0,0,0,0,0,0,0,0,0,0,0,0,0,0,0,0,254,253,253,206,0,0,0,0,0,0,0,0,0,0,0,0,0,0,0,0,0,0,0,0,0,0,0,0,254,253,253,117,0,0,0,0,0,0,0,0,0,0,0,0,0,0,0,0,0,0,0,0,0,0,0,0,254,253,253,117,0,0,0,0,0,0,0,0,0,0,0,0,0,0,0,0,0,0,0,0,0,0,0,0,178,253,222,34,0,0,0,0,0,0,0,0,0,0,0,0,0,0,0,0,0,0,0,0,0,0,0,0,0,0,0,0,0,0,0,0,0,0,0,0,0,0,0,0,0,0,0,0,0,0,0,0,0,0,0,0,0,0,0,0,0,0,0,0,0,0,0,0,0,0
0,0,0,0,0,0,0,0,0,0,0,0,0,0,0,0,0,0,0,0,0,0,0,0,0,0,0,0,0,0,0,0,0,0,0,0,0,0,0,0,0,0,0,0,0,0,0,0,0,0,0,0,0,0,0,0,0,0,0,0,0,0,0,0,0,0,0,0,0,0,0,0,0,0,0,0,0,0,0,0,0,0,0,0,0,0,0,0,0,0,0,0,0,0,0,0,0,0,0,0,0,0,0,0,0,0,0,0,0,0,0,0,0,0,0,0,0,0,0,0,0,0,0,0,0,0,0,0,0,0,0,0,0,0,0,0,0,0,0,0,0,0,0,0,0,0,0,0,0,0,0,0,0,0,0,0,0,0,0,0,0,0,0,0,0,0,0,0,0,0,0,0,0,0,0,0,0,0,0,0,4,66,126,184,189,154,11,0,0,0,0,0,0,0,0,0,0,0,0,0,0,0,0,0,0,0,4,47,196,253,254,253,253,253,129,0,0,0,0,0,0,0,0,0,0,0,0,0,0,0,0,0,0,33,173,253,253,253,251,220,244,253,110,0,0,0,0,0,0,0,0,0,0,0,0,0,0,0,0,0,65,244,253,253,237,91,30,10,136,253,134,40,0,0,0,0,0,0,0,0,0,0,0,0,0,0,0,20,213,254,253,198,22,0,0,0,128,253,253,208,0,0,0,0,0,0,0,0,0,0,0,0,0,0,0,143,254,255,197,15,0,0,0,27,239,254,254,254,60,0,0,0,0,0,0,0,0,0,0,0,0,0,0,142,253,254,87,22,32,57,117,218,253,253,253,228,0,0,0,0,0,0,0,0,0,0,0,0,0,0,0,142,253,254,253,238,253,253,254,253,253,253,253,158,0,0,0,0,0,0,0,0,0,0,0,0,0,0,0,38,180,254,253,253,253,253,230,179,137,253,253,158,0,0,0,0,0,0,0,0,0,0,0,0,0,0,0,0,5,21,105,173,105,70,10,0,73,253,253,110,0,0,0,0,0,0,0,0,0,0,0,0,0,0,0,0,0,0,0,0,0,0,0,0,128,254,254,25,0,0,0,0,0,0,0,0,0,0,0,0,0,0,0,0,0,0,0,0,0,0,0,14,207,253,193,0,0,0,0,0,0,0,0,0,0,0,0,0,0,0,0,0,0,0,0,0,0,0,0,32,253,253,149,0,0,0,0,0,0,0,0,0,0,0,0,0,0,0,0,0,0,0,0,0,0,0,0,52,253,253,129,0,0,0,0,0,0,0,0,0,0,0,0,0,0,0,0,0,0,0,0,0,0,0,0,161,253,253,45,0,0,0,0,0,0,0,0,0,0,0,0,0,0,0,0,0,0,0,0,0,0,0,1,195,254,250,15,0,0,0,0,0,0,0,0,0,0,0,0,0,0,0,0,0,0,0,0,0,0,0,16,253,253,189,0,0,0,0,0,0,0,0,0,0,0,0,0,0,0,0,0,0,0,0,0,0,0,0,81,253,253,111,0,0,0,0,0,0,0,0,0,0,0,0,0,0,0,0,0,0,0,0,0,0,0,0,165,253,253,31,0,0,0,0,0,0,0,0,0,0,0,0,0,0,0,0,0,0,0,0,0,0,0,0,174,253,238,22,0,0,0,0,0,0,0,0,0,0,0,0,0,0,0,0,0,0,0,0,0,0,0,0,0,0,0,0,0,0,0,0,0,0,0,0,0,0,0,0,0,0,0,0,0,0,0,0,0,0,0,0,0,0,0,0,0,0,0,0,0,0,0,0,0,0
0,0,0,0,0,0,0,0,0,0,0,0,0,0,0,0,0,0,0,0,0,0,0,0,0,0,0,0,0,0,0,0,0,0,0,0,0,0,0,0,0,0,0,0,0,0,0,0,0,0,0,0,0,0,0,0,0,0,0,0,0,0,0,0,0,0,0,0,0,0,0,0,0,0,0,0,0,0,0,0,0,0,0,0,0,0,0,0,0,0,0,0,0,0,0,0,0,0,0,0,0,0,0,0,0,0,0,0,0,0,0,0,0,0,0,0,0,0,0,0,0,0,0,0,0,0,0,0,0,0,0,0,0,0,0,0,0,0,0,0,0,0,0,0,0,0,0,0,0,0,0,0,0,0,0,0,0,0,0,0,0,0,0,0,0,0,0,0,0,0,0,0,0,0,0,0,0,0,0,22,114,192,193,148,30,0,0,0,0,0,0,0,0,0,0,0,0,0,0,0,0,0,0,0,0,15,121,221,252,252,253,252,221,142,0,0,0,0,0,0,0,0,0,0,0,0,0,0,0,0,0,0,0,139,252,252,252,252,253,252,252,247,188,54,0,0,0,0,0,0,0,0,0,0,0,0,0,0,0,0,27,218,252,252,252,199,128,184,252,252,252,176,0,0,0,0,0,0,0,0,0,0,0,0,0,0,0,0,150,253,252,244,77,7,0,85,252,252,252,211,0,0,0,0,0,0,0,0,0,0,0,0,0,0,0,0,212,255,253,127,0,0,0,85,253,253,253,107,0,0,0,0,0,0,0,0,0,0,0,0,0,0,0,0,211,253,252,126,0,0,0,85,252,252,252,106,0,0,0,0,0,0,0,0,0,0,0,0,0,0,0,0,202,253,252,180,22,22,128,213,252,252,252,53,0,0,0,0,0,0,0,0,0,0,0,0,0,0,0,0,35,253,252,252,252,252,253,252,252,252,155,0,0,0,0,0,0,0,0,0,0,0,0,0,0,0,0,0,0,165,252,252,252,252,253,252,252,252,42,0,0,0,0,0,0,0,0,0,0,0,0,0,0,0,0,0,0,18,141,229,211,211,237,253,253,253,42,0,0,0,0,0,0,0,0,0,0,0,0,0,0,0,0,0,0,0,0,27,0,0,148,252,252,252,77,0,0,0,0,0,0,0,0,0,0,0,0,0,0,0,0,0,0,0,0,0,0,0,139,252,252,252,244,0,0,0,0,0,0,0,0,0,0,0,0,0,0,0,0,0,0,0,0,0,0,0,114,252,252,252,226,0,0,0,0,0,0,0,0,0,0,0,0,0,0,0,0,0,0,0,0,0,0,0,148,252,252,252,191,0,0,0,0,0,0,0,0,0,0,0,0,0,0,0,0,0,0,0,0,0,0,0,193,253,253,253,253,0,0,0,0,0,0,0,0,0,0,0,0,0,0,0,0,0,0,0,0,0,0,0,148,252,252,252,252,0,0,0,0,0,0,0,0,0,0,0,0,0,0,0,0,0,0,0,0,0,0,0,148,252,252,252,252,0,0,0,0,0,0,0,0,0,0,0,0,0,0,0,0,0,0,0,0,0,0,0,78,252,252,252,155,0,0,0,0,0,0,0,0,0,0,0,0,0,0,0,0,0,0,0,0,0,0,0,7,121,191,147,24,0,0,0,0,0,0,0,0,0,0,0,0,0,0,0,0,0,0,0,0,0,0,0,0,0,0,0,0,0,0,0,0,0,0,0,0,0,0,0,0,0,0,0,0,0,0,0,0,0,0,0,0,0,0,0,0,0,0,0,0,0,0,0,0,0
0,0,0,0,0,0,0,0,0,0,0,0,0,0,0,0,0,0,0,0,0,0,0,0,0,0,0,0,0,0,0,0,0,0,0,0,0,0,0,0,0,0,0,0,0,0,0,0,0,0,0,0,0,0,0,0,0,0,0,0,0,0,0,0,0,0,0,0,0,0,0,0,0,0,0,0,0,0,0,0,0,0,0,0,0,0,0,0,0,0,0,0,0,0,0,0,0,0,0,0,0,0,0,0,0,0,0,0,0,0,0,0,0,0,0,0,0,0,0,0,0,0,0,0,0,0,0,0,0,0,0,0,0,0,0,0,0,0,0,0,0,0,0,0,0,0,0,0,0,0,0,0,0,0,0,0,0,0,0,0,0,0,0,0,0,0,0,0,0,0,0,0,0,0,0,0,0,0,0,0,42,151,235,196,56,0,0,0,0,0,0,0,0,0,0,0,0,0,0,0,0,0,0,0,0,0,6,120,245,254,254,254,166,0,0,0,0,0,0,0,0,0,0,0,0,0,0,0,0,0,0,0,0,11,178,254,222,114,154,239,251,72,27,4,0,0,0,0,0,0,0,0,0,0,0,0,0,0,0,0,0,108,254,174,11,0,0,146,254,176,236,68,0,0,0,0,0,0,0,0,0,0,0,0,0,0,0,0,78,248,144,7,0,0,0,135,254,254,254,79,0,0,0,0,0,0,0,0,0,0,0,0,0,0,0,0,203,255,63,0,0,0,0,13,182,254,254,100,0,0,0,0,0,0,0,0,0,0,0,0,0,0,0,0,235,195,6,0,0,0,0,0,89,254,211,14,0,0,0,0,0,0,0,0,0,0,0,0,0,0,0,0,235,254,128,63,62,0,0,54,154,254,73,0,0,0,0,0,0,0,0,0,0,0,0,0,0,0,0,0,190,254,254,254,254,214,130,232,253,254,115,0,0,0,0,0,0,0,0,0,0,0,0,0,0,0,0,0,51,128,224,215,211,138,138,44,193,254,73,0,0,0,0,0,0,0,0,0,0,0,0,0,0,0,0,0,0,0,21,13,9,0,0,0,193,254,73,0,0,0,0,0,0,0,0,0,0,0,0,0,0,0,0,0,0,0,0,0,0,0,0,0,193,254,73,0,0,0,0,0,0,0,0,0,0,0,0,0,0,0,0,0,0,0,0,0,0,0,0,32,240,254,73,0,0,0,0,0,0,0,0,0,0,0,0,0,0,0,0,0,0,0,0,0,0,0,0,42,254,254,73,0,0,0,0,0,0,0,0,0,0,0,0,0,0,0,0,0,0,0,0,0,0,0,0,117,254,254,73,0,0,0,0,0,0,0,0,0,0,0,0,0,0,0,0,0,0,0,0,0,0,0,0,146,254,252,67,0,0,0,0,0,0,0,0,0,0,0,0,0,0,0,0,0,0,0,0,0,0,0,0,146,254,223,0,0,0,0,0,0,0,0,0,0,0,0,0,0,0,0,0,0,0,0,0,0,0,0,0,146,254,223,0,0,0,0,0,0,0,0,0,0,0,0,0,0,0,0,0,0,0,0,0,0,0,0,0,146,254,223,0,0,0,0,0,0,0,0,0,0,0,0,0,0,0,0,0,0,0,0,0,0,0,0,0,146,218,90,0,0,0,0,0,0,0,0,0,0,0,0,0,0,0,0,0,0,0,0,0,0,0,0,0,0,0,0,0,0,0,0,0,0,0,0,0,0,0,0,0,0,0,0,0,0,0,0,0,0,0,0,0,0,0,0,0,0,0,0,0,0,0,0,0,0
0,0,0,0,0,0,0,0,0,0,0,0,0,0,0,0,0,0,0,0,0,0,0,0,0,0,0,0,0,0,0,0,0,0,0,0,0,0,0,0,0,0,0,0,0,0,0,0,0,0,0,0,0,0,0,0,0,0,0,0,0,0,0,0,0,0,0,0,0,0,0,0,0,0,0,0,0,0,0,0,0,0,0,0,0,0,0,0,0,0,0,0,0,0,0,0,0,0,0,0,0,0,0,0,0,0,0,0,0,0,0,0,0,0,0,0,0,0,0,0,0,0,0,0,0,0,0,0,0,0,0,0,0,0,0,0,0,0,0,0,0,0,0,0,0,0,0,0,0,0,0,0,0,0,5,7,104,130,234,255,145,130,130,6,0,0,0,0,0,0,0,0,0,0,0,0,0,0,0,0,3,101,222,253,253,243,251,243,180,241,186,6,0,0,0,0,0,0,0,0,0,0,0,0,0,0,0,34,164,253,240,201,111,28,214,37,0,0,0,0,0,0,0,0,0,0,0,0,0,0,0,0,0,0,96,218,248,201,28,0,8,158,253,37,0,0,0,0,0,0,0,0,0,0,0,0,0,0,0,0,4,47,218,248,119,0,0,0,150,253,253,37,0,0,0,0,0,0,0,0,0,0,0,0,0,0,0,0,44,253,253,130,0,0,0,0,199,253,253,116,0,0,0,0,0,0,0,0,0,0,0,0,0,0,0,34,218,253,207,30,0,0,0,0,199,253,253,206,15,0,0,0,0,0,0,0,0,0,0,0,0,0,0,143,253,253,93,0,0,0,0,132,236,253,253,160,0,0,0,0,0,0,0,0,0,0,0,0,0,0,0,143,253,253,93,0,0,0,72,236,253,253,253,133,0,0,0,0,0,0,0,0,0,0,0,0,0,0,0,113,253,253,131,22,31,72,235,203,213,253,253,37,0,0,0,0,0,0,0,0,0,0,0,0,0,0,0,14,225,253,253,213,222,236,236,75,199,253,253,37,0,0,0,0,0,0,0,0,0,0,0,0,0,0,0,0,45,119,179,179,179,119,75,0,199,253,185,8,0,0,0,0,0,0,0,0,0,0,0,0,0,0,0,0,0,0,0,0,0,0,0,0,199,253,166,0,0,0,0,0,0,0,0,0,0,0,0,0,0,0,0,0,0,0,0,0,0,0,0,24,217,253,64,0,0,0,0,0,0,0,0,0,0,0,0,0,0,0,0,0,0,0,0,0,0,0,0,115,253,224,27,0,0,0,0,0,0,0,0,0,0,0,0,0,0,0,0,0,0,0,0,0,0,0,55,246,253,172,0,0,0,0,0,0,0,0,0,0,0,0,0,0,0,0,0,0,0,0,0,0,0,0,175,253,222,40,0,0,0,0,0,0,0,0,0,0,0,0,0,0,0,0,0,0,0,0,0,0,22,200,249,168,40,0,0,0,0,0,0,0,0,0,0,0,0,0,0,0,0,0,64,119,130,242,242,242,244,253,136,3,0,0,0,0,0,0,0,0,0,0,0,0,0,0,0,0,0,0,70,199,253,253,253,253,168,102,2,0,0,0,0,0,0,0,0,0,0,0,0,0,0,0,0,0,0,0,0,0,0,0,0,0,0,0,0,0,0,0,0,0,0,0,0,0,0,0,0,0,0,0,0,0,0,0,0,0,0,0,0,0,0,0,0,0,0,0,0,0,0,0,0,0,0,0,0,0,0,0,0,0,0,0,0,0,0,0,0,0,0,0,0,0,0,0,0,0,0,0,0,0,0,0,0,0
